,average hold time,mean return,sharpe,spread,total return,trade count
0,602.0,-6.017644539138502e-06,-0.05373064814217403,"('CL2', 'CL1')",-0.00361660436802224,1.0
1,602.0,1.79019345925881e-05,0.09734229617654327,"('CL3', 'CL1')",0.010759062690145448,1.0
2,0.0,3.766970374748644e-05,0.17275742586630802,"('CL4', 'CL1')",0.02263949195223935,0.0
3,0.0,5.337847717820149e-05,0.21192226668337671,"('CL5', 'CL1')",0.032080464784099094,0.0
4,0.0,6.951750626627289e-05,0.144210499056654,"('CO1', 'CL1')",0.041780021266030004,0.0
5,150.5,9.89553719164449e-05,0.23946944124189892,"('CO2', 'CL1')",0.05947217852178338,4.0
6,86.0,1.653138443147727e-06,0.004080000688760874,"('CO3', 'CL1')",0.0009935362043317839,7.0
7,66.88888888888889,3.094387916312234e-06,0.007631208253976361,"('CO4', 'CL1')",0.0018597271377036526,9.0
8,50.166666666666664,-0.00018367511110856905,-0.4468013841212909,"('CO5', 'CL1')",-0.11038874177625,12.0
9,150.5,6.315024444639886e-05,0.10287851357059198,"('HO1', 'CL1')",0.03795329691228572,4.0
10,150.5,7.4279134746809925e-06,0.01258153763214286,"('HO2', 'CL1')",0.004464175998283276,4.0
11,150.5,4.731791042538754e-05,0.08242780501563107,"('HO3', 'CL1')",0.02843806416565791,4.0
12,150.5,1.4405451031574793e-05,0.025689275696455426,"('HO4', 'CL1')",0.008657676069976451,4.0
13,100.33333333333333,-0.00016516287740660004,-0.29880560730918293,"('HO5', 'CL1')",-0.09926288932136662,6.0
14,66.88888888888889,-0.00020189601113066,-0.19492970168264617,"('XB1', 'CL1')",-0.12133950268952666,9.0
15,66.88888888888889,-0.00017521929312860294,-0.20361906632673782,"('XB2', 'CL1')",-0.10530679517029036,9.0
16,54.72727272727273,0.0004784095397637068,0.6282978122692692,"('XB3', 'CL1')",0.28752413339798777,11.0
17,100.33333333333333,2.3656525769100903e-06,0.0033547054969404596,"('XB4', 'CL1')",0.0014217571987229644,6.0
18,100.33333333333333,-0.00013465731464124272,-0.19810766487291154,"('XB5', 'CL1')",-0.08092904609938686,6.0
19,301.0,0.00023022670355469545,0.24372003287343513,"('QS1', 'CL1')",0.13836624883637197,2.0
20,100.33333333333333,0.00026923379547352273,0.29509558920344137,"('QS2', 'CL1')",0.16180951107958716,6.0
21,150.5,0.00023058534646394944,0.25509741736898495,"('QS3', 'CL1')",0.1385817932248336,4.0
22,100.33333333333333,0.00018719575141874255,0.20875790894358315,"('QS4', 'CL1')",0.11250464660266427,6.0
23,150.5,5.285524859938079e-05,0.059216176484253126,"('QS5', 'CL1')",0.031766004408227855,4.0
24,602.0,-1.5860137815265113e-06,-0.018641703475231287,"('CL3', 'CL2')",-0.0009531942826974333,1.0
25,602.0,2.2551286944914456e-05,0.1723067008325087,"('CL4', 'CL2')",0.013553323453893588,1.0
26,602.0,4.1396963748055476e-05,0.23901044759020976,"('CL5', 'CL2')",0.024879575212581342,1.0
27,0.0,7.846950563017558e-05,0.17604388376792546,"('CO1', 'CL2')",0.04716017288373553,0.0
28,0.0,5.6914134749750946e-05,0.1551376859212872,"('CO2', 'CL2')",0.03420539498460032,0.0
29,0.0,3.416554704935602e-05,0.0958313173144473,"('CO3', 'CL2')",0.020533493776662966,0.0
30,150.5,-5.4700909746489995e-05,-0.1538588459612964,"('CO4', 'CL2')",-0.03287524675764049,4.0
31,150.5,-7.879911595699367e-05,-0.21843171739321843,"('CO5', 'CL2')",-0.047358268690153194,4.0
32,301.0,0.00018548066021126271,0.32051035814900447,"('HO1', 'CL2')",0.11147387678696889,2.0
33,150.5,9.594934721256438e-05,0.17305792762448985,"('HO2', 'CL2')",0.05766555767475119,4.0
34,150.5,6.846683421582857e-05,0.12738639173882085,"('HO3', 'CL2')",0.04114856736371297,4.0
35,150.5,-1.4637275035041104e-06,-0.0027932478625867794,"('HO4', 'CL2')",-0.0008797002296059703,4.0
36,150.5,-3.761737220531654e-05,-0.07287713667463504,"('HO5', 'CL2')",-0.022608040695395237,4.0
37,86.0,-0.0002756531274989745,-0.27201578911489,"('XB1', 'CL2')",-0.16566752962688366,7.0
38,54.72727272727273,-0.00021518354219863476,-0.25745238645223817,"('XB2', 'CL2')",-0.1293253088613795,11.0
39,54.72727272727273,0.0005052743058790542,0.6916172937509562,"('XB3', 'CL2')",0.3036698578333116,11.0
40,75.25,6.537050537406533e-06,0.00964721062167473,"('XB4', 'CL2')",0.003928767372981326,8.0
41,100.33333333333333,-0.00015600756348018439,-0.23953614396324013,"('XB5', 'CL2')",-0.09376054565159081,6.0
42,0.0,0.00023619932030641706,0.254989096102494,"('QS1', 'CL2')",0.14195579150415666,0.0
43,0.0,0.00021903744983112737,0.2444456061812865,"('QS2', 'CL2')",0.13164150734850755,0.0
44,0.0,0.00018789750384032002,0.21179211311180257,"('QS3', 'CL2')",0.11292639980803233,0.0
45,301.0,0.00012276375131647856,0.1395436318285537,"('QS4', 'CL2')",0.07378101454120362,2.0
46,301.0,8.857586529374105e-05,0.10115237472715323,"('QS5', 'CL2')",0.05323409504153837,2.0
47,602.0,-1.4548755376075654e-06,-0.02957644268477013,"('CL4', 'CL3')",-0.0008743801981021468,1.0
48,602.0,1.9495095021886446e-05,0.1894158580991296,"('CL5', 'CL3')",0.011716552108153753,1.0
49,0.0,9.229387558937827e-05,0.21785662177128015,"('CO1', 'CL3')",0.05546861922921634,0.0
50,0.0,7.073850470895345e-05,0.20996995109647043,"('CO2', 'CL3')",0.04251384133008102,0.0
51,0.0,4.7989917008558535e-05,0.14845449131910018,"('CO3', 'CL3')",0.02884194012214368,0.0
52,0.0,2.816999810869004e-05,0.08824314851618865,"('CO4', 'CL3')",0.016930168863322714,0.0
53,150.5,-5.74450835560669e-05,-0.178381386552217,"('CO5', 'CL3')",-0.03452449521719621,4.0
54,0.0,0.00023612835658656944,0.4317158102709645,"('HO1', 'CL3')",0.14191314230852822,0.0
55,0.0,0.00021049837620688473,0.4032687676812677,"('HO2', 'CL3')",0.12650952410033772,0.0
56,0.0,0.0001829230984809029,0.36275784342233075,"('HO3', 'CL3')",0.10993678218702266,0.0
57,301.0,7.49514282004827e-05,0.152822290194531,"('HO4', 'CL3')",0.045045808348490105,2.0
58,301.0,5.2549871815000306e-05,0.10894482895377866,"('HO5', 'CL3')",0.031582472960815185,2.0
59,120.4,0.00010289677151840065,0.10345803660846513,"('XB1', 'CL3')",0.061840959682558795,5.0
60,120.4,0.000206281737267389,0.252877153589194,"('XB2', 'CL3')",0.12397532409770079,5.0
61,35.411764705882355,0.000236468227766648,0.3360299655560501,"('XB3', 'CL3')",0.14211740488775546,17.0
62,60.2,-0.0002089319202741504,-0.31979744676561206,"('XB4', 'CL3')",-0.1255680840847644,10.0
63,150.5,-8.585174721807817e-05,-0.13692047819561562,"('XB5', 'CL3')",-0.05159690007806498,4.0
64,0.0,0.0002500236902656197,0.27613211542129895,"('QS1', 'CL3')",0.15026423784963744,0.0
65,0.0,0.00023286181979032986,0.26550743180483344,"('QS2', 'CL3')",0.13994995369398824,0.0
66,0.0,0.00020172187379952268,0.2324892073602936,"('QS3', 'CL3')",0.12123484615351313,0.0
67,0.0,0.00017258734055670052,0.200748592623279,"('QS4', 'CL3')",0.10372499167457702,0.0
68,0.0,0.00015337459234937567,0.17933748594074544,"('QS5', 'CL3')",0.09217813000197478,0.0
69,602.0,-3.941580473791217e-06,-0.08484993197935889,"('CL5', 'CL4')",-0.0023688898647485214,1.0
70,0.0,0.00010718721001375929,0.2581551896187025,"('CO1', 'CL4')",0.06441951321826933,0.0
71,0.0,8.563183913333455e-05,0.2645648838356033,"('CO2', 'CL4')",0.051464735319134064,0.0
72,0.0,6.288325143293967e-05,0.2051264074223596,"('CO3', 'CL4')",0.037792834111196744,0.0
73,0.0,4.3063332533071145e-05,0.14416027892856287,"('CO4', 'CL4')",0.025881062852375757,0.0
74,0.0,2.619131807248275e-05,0.08786858032420655,"('CO5', 'CL4')",0.015740982161562132,0.0
75,0.0,0.00025102169101095053,0.478780368949872,"('HO1', 'CL4')",0.15086403629758127,0.0
76,0.0,0.00022539171063126572,0.4523514249826731,"('HO2', 'CL4')",0.1354604180893907,0.0
77,0.0,0.00019781643290528396,0.41238818247527287,"('HO3', 'CL4')",0.11888767617607567,0.0
78,0.0,0.00016984242745795203,0.3651378992233639,"('HO4', 'CL4')",0.10207529890222916,0.0
79,0.0,0.00013787538768702187,0.3020002598235841,"('HO5', 'CL4')",0.08286310799990014,0.0
80,120.4,7.362727599378466e-05,0.07482444782975775,"('XB1', 'CL4')",0.04424999287226458,5.0
81,120.4,0.00022568370411387489,0.28059039647680795,"('XB2', 'CL4')",0.1356359061724388,5.0
82,66.88888888888889,0.0004545346167388322,0.6597115957223382,"('XB3', 'CL4')",0.27317530466003814,9.0
83,100.33333333333333,-1.1343376054495626e-05,-0.017763406254123617,"('XB4', 'CL4')",-0.006817369008751871,6.0
84,150.5,-5.6302708571639945e-05,-0.0921142452432558,"('XB5', 'CL4')",-0.03383792785155561,4.0
85,0.0,0.00026491702469000095,0.2977417444889816,"('QS1', 'CL4')",0.15921513183869057,0.0
86,0.0,0.000247755154214711,0.28770264014046426,"('QS2', 'CL4')",0.1489008476830413,0.0
87,0.0,0.0002166152082239036,0.2544909159051667,"('QS3', 'CL4')",0.13018574014256606,0.0
88,0.0,0.0001874806749810815,0.22245944607926466,"('QS4', 'CL4')",0.11267588566362999,0.0
89,0.0,0.00016826792677375664,0.20084321486366463,"('QS5', 'CL4')",0.10112902399102774,0.0
90,0.0,0.0001228959834444743,0.29872094941794625,"('CO1', 'CL5')",0.07386048605012906,0.0
91,0.0,0.00010134061256404963,0.3193905435802651,"('CO2', 'CL5')",0.06090570815099383,0.0
92,0.0,7.859202486365467e-05,0.26480434917290924,"('CO3', 'CL5')",0.047233806943056456,0.0
93,0.0,5.877210596378616e-05,0.20632372691356451,"('CO4', 'CL5')",0.03532203568423548,0.0
94,0.0,4.190009150319778e-05,0.1495706535684074,"('CO5', 'CL5')",0.025181954993421865,0.0
95,0.0,0.0002667304644416656,0.5273543712025602,"('HO1', 'CL5')",0.160305009129441,0.0
96,0.0,0.00024110048406198074,0.5035255906701962,"('HO2', 'CL5')",0.14490139092125043,0.0
97,0.0,0.00021352520633599899,0.4648976711055413,"('HO3', 'CL5')",0.1283286490079354,0.0
98,0.0,0.00018555120088866706,0.4180269420914501,"('HO4', 'CL5')",0.1115162717340889,0.0
99,0.0,0.00015358416111773687,0.35338241426929906,"('HO5', 'CL5')",0.09230408083175985,0.0
100,120.4,3.867643061551891e-05,0.03952635432069508,"('XB1', 'CL5')",0.023244534799926865,5.0
101,120.4,0.00024006952632812763,0.300925054837588,"('XB2', 'CL5')",0.1442817853232047,5.0
102,66.88888888888889,0.0005475088524813369,0.8056443531974357,"('XB3', 'CL5')",0.32905282034128347,9.0
103,100.33333333333333,-4.200310500959739e-05,-0.06679524029180545,"('XB4', 'CL5')",-0.02524386611076803,6.0
104,100.33333333333333,5.161784821606633e-05,0.08602636621588894,"('XB5', 'CL5')",0.031022326777855866,6.0
105,0.0,0.0002806257981207159,0.32040386688316974,"('QS1', 'CL5')",0.16865610467055026,0.0
106,0.0,0.000263463927645426,0.3110193712555169,"('QS2', 'CL5')",0.15834182051490103,0.0
107,0.0,0.0002323239816546187,0.27772373396748995,"('QS3', 'CL5')",0.13962671297442583,0.0
108,0.0,0.00020318944841179657,0.24550943692375912,"('QS4', 'CL5')",0.12211685849548974,0.0
109,0.0,0.00018397670020447177,0.22377307224494583,"('QS5', 'CL5')",0.11056999682288754,0.0
110,602.0,1.473939607639052e-05,0.07886178868370579,"('CO2', 'CO1')",0.008858377041910703,1.0
111,602.0,4.02416257472613e-05,0.18970768360538642,"('CO3', 'CO1')",0.024185217074104044,1.0
112,602.0,6.216609878397723e-05,0.26497128300446376,"('CO4', 'CO1')",0.037361825369170314,1.0
113,602.0,7.95172804048761e-05,0.30583597677560376,"('CO5', 'CO1')",0.047789885523330536,1.0
114,120.4,-1.0102769411545465e-05,-0.020194685246998956,"('HO1', 'CO1')",-0.006071764416338825,5.0
115,120.4,-4.156205588690256e-06,-0.008528314233221193,"('HO2', 'CO1')",-0.002497879558802844,5.0
116,120.4,3.917064702213203e-06,0.008342359597184384,"('HO3', 'CO1')",0.002354155886030135,5.0
117,66.88888888888889,-6.383553685271342e-05,-0.13986827027722248,"('HO4', 'CO1')",-0.038365157648480766,9.0
118,120.4,-0.0001389516015546423,-0.30922428821714243,"('HO5', 'CO1')",-0.08350991253434004,5.0
119,602.0,0.00010088314351583268,0.10009022988537865,"('XB1', 'CO1')",0.06063076925301544,1.0
120,150.5,4.693309463693417e-05,0.05606543582087504,"('XB2', 'CO1')",0.028206789876797436,4.0
121,301.0,0.0003583762674838449,0.51694595066963,"('XB3', 'CO1')",0.21538413675779078,2.0
122,0.0,0.00017657396847978364,0.2866870678162768,"('XB4', 'CO1')",0.10612095505634997,0.0
123,301.0,0.00034123127609427635,0.5389774369213817,"('XB5', 'CO1')",0.20507999693266007,2.0
124,60.2,0.00013185621786322084,0.15787741105099787,"('QS1', 'CO1')",0.07924558693579573,10.0
125,100.33333333333333,1.3543075058821812e-05,0.01674991651641319,"('QS2', 'CO1')",0.008139388110351909,6.0
126,120.4,4.057303670284407e-05,0.05063626123486754,"('QS3', 'CO1')",0.024384395058409288,5.0
127,86.0,-1.916905747784132e-05,-0.02410329835249676,"('QS4', 'CO1')",-0.011520603544182634,7.0
128,66.88888888888889,0.00014635204256455682,0.18468659652267513,"('QS5', 'CO1')",0.08795757758129864,9.0
129,602.0,1.2598043951937403e-05,0.26291380650915297,"('CO3', 'CO2')",0.00757142441511438,1.0
130,602.0,3.353832607604567e-05,0.38039513007277875,"('CO4', 'CO2')",0.020156533971703448,1.0
131,602.0,5.471977585811366e-05,0.4491439392031264,"('CO5', 'CO2')",0.03288658529072631,1.0
132,120.4,-2.067407907180241e-05,-0.04597713272043397,"('HO1', 'CO2')",-0.012425121522153248,5.0
133,120.4,-4.1215608108925477e-05,-0.09641205819752012,"('HO2', 'CO2')",-0.024770580473464213,5.0
134,120.4,-7.975737705226744e-06,-0.01954461574319272,"('HO3', 'CO2')",-0.0047934183608412725,5.0
135,120.4,-2.149998418714479e-05,-0.05439091045698351,"('HO4', 'CO2')",-0.012921490496474019,5.0
136,86.0,-0.00018795187970486684,-0.48229897156998985,"('HO5', 'CO2')",-0.11295907970262498,7.0
137,200.66666666666666,-7.132672891116712e-06,-0.007479979004681514,"('XB1', 'CO2')",-0.004286736407561144,3.0
138,200.66666666666666,0.00016194755688961806,0.20947676858477443,"('XB2', 'CO2')",0.09733048169066046,3.0
139,301.0,0.0002943906405584152,0.447582725318553,"('XB3', 'CO2')",0.17692877497560752,2.0
140,301.0,4.2466923319866225e-05,0.07161612912929685,"('XB4', 'CO2')",0.025522620915239602,2.0
141,301.0,0.000255415568493285,0.4400999984325104,"('XB5', 'CO2')",0.15350475666446428,2.0
142,150.5,0.0001549054931584668,0.18598602439403858,"('QS1', 'CO2')",0.09309820138823854,4.0
143,75.25,0.0001437064090576718,0.17840369607378764,"('QS2', 'CO2')",0.08636755184366075,8.0
144,150.5,0.00024991618460300734,0.31364179315092766,"('QS3', 'CO2')",0.15019962694640743,4.0
145,100.33333333333333,0.00015557566625136956,0.19692981935745496,"('QS4', 'CO2')",0.0935009754170731,6.0
146,150.5,-1.418335031612132e-05,-0.01804153722994188,"('QS5', 'CO2')",-0.008524193539988914,4.0
147,602.0,4.543765254164922e-06,0.11071459372505049,"('CO4', 'CO3')",0.0027308029177531183,1.0
148,602.0,2.2392521298168063e-05,0.289250189658242,"('CO5', 'CO3')",0.013457905300199005,1.0
149,120.4,6.95521356779996e-05,0.1596586726931376,"('HO1', 'CO3')",0.04180083354247776,5.0
150,120.4,1.7479458947720797e-05,0.042398491409615005,"('HO2', 'CO3')",0.010505154827580198,5.0
151,120.4,-4.231416548390384e-06,-0.010784974586328051,"('HO3', 'CO3')",-0.0025430813455826207,5.0
152,120.4,-3.3597051427500507e-05,-0.08876949828668465,"('HO4', 'CO3')",-0.020191827907927805,5.0
153,120.4,-9.555113341738241e-05,-0.2572092134694901,"('HO5', 'CO3')",-0.057426231183846835,5.0
154,200.66666666666666,2.2763164403678343e-05,0.023821349765910955,"('XB1', 'CO3')",0.013680661806610685,3.0
155,200.66666666666666,3.575753300503612e-05,0.04625435315219312,"('XB2', 'CO3')",0.02149027733602671,3.0
156,301.0,0.00027175108864743583,0.413511730306404,"('XB3', 'CO3')",0.16332240427710895,2.0
157,301.0,0.0002718555189869408,0.4592614750077808,"('XB4', 'CO3')",0.16338516691115143,2.0
158,301.0,0.00018378680711905054,0.32142527024819745,"('XB5', 'CO3')",0.11045587107854937,2.0
159,301.0,0.000206621460826149,0.2517842614632093,"('QS1', 'CO3')",0.12417949795651555,2.0
160,301.0,0.00019340771249789972,0.24379888992963966,"('QS2', 'CO3')",0.11623803521123774,2.0
161,100.33333333333333,0.00019872880927153977,0.2534505290069404,"('QS3', 'CO3')",0.11943601437219539,6.0
162,100.33333333333333,0.00024395319841780222,0.3141238773461655,"('QS4', 'CO3')",0.14661587224909914,6.0
163,150.5,0.00021949186518105098,0.28422418038302794,"('QS5', 'CO3')",0.13191461097381163,4.0
164,602.0,4.536089936575745e-07,0.012685609295086393,"('CO5', 'CO4')",0.0002726190051882023,1.0
165,200.66666666666666,0.00012995961116460107,0.30675163136844535,"('HO1', 'CO4')",0.07810572630992524,3.0
166,120.4,1.9652727517212788e-05,0.049258593413912,"('HO2', 'CO4')",0.011811289237844885,5.0
167,120.4,-9.067772074619528e-06,-0.02398981874468348,"('HO3', 'CO4')",-0.005449731016846336,5.0
168,120.4,3.421544465649031e-05,0.09425155492782866,"('HO4', 'CO4')",0.020563482238550677,5.0
169,120.4,-7.59787270466177e-05,-0.2138396780719181,"('HO5', 'CO4')",-0.04566321495501724,5.0
170,66.88888888888889,-7.611514488944468e-05,-0.07969359801442673,"('XB1', 'CO4')",-0.04574520207855625,9.0
171,120.4,0.00017826983157804324,0.2298686564414418,"('XB2', 'CO4')",0.10714016877840399,5.0
172,100.33333333333333,0.00022517387820201017,0.34388861236224766,"('XB3', 'CO4')",0.13532950079940811,6.0
173,301.0,0.00020471207062363895,0.3464179868953456,"('XB4', 'CO4')",0.12303195444480701,2.0
174,301.0,0.00012835920933006994,0.22637526405497413,"('XB5', 'CO4')",0.07714388480737204,2.0
175,0.0,0.00022185369215692974,0.2745332769314658,"('QS1', 'CO4')",0.13333406898631478,0.0
176,301.0,0.00021475130658754607,0.27505739642830296,"('QS2', 'CO4')",0.12906553525911518,2.0
177,301.0,0.00018278105839176917,0.23712162609706458,"('QS3', 'CO4')",0.10985141609345328,2.0
178,301.0,0.00014916002045767268,0.1955280779636851,"('QS4', 'CO4')",0.08964517229506128,2.0
179,100.33333333333333,0.00021360022302255592,0.2818351184618896,"('QS5', 'CO4')",0.1283737340365561,6.0
180,200.66666666666666,0.0001373115035064613,0.33180972287534055,"('HO1', 'CO5')",0.08252421360738324,3.0
181,200.66666666666666,9.88007125197731e-05,0.2544888643364066,"('HO2', 'CO5')",0.059379228224383636,3.0
182,200.66666666666666,7.446344541153722e-05,0.2032905718083408,"('HO3', 'CO5')",0.04475253069233387,3.0
183,200.66666666666666,6.140798605836622e-05,0.17535558275548796,"('HO4', 'CO5')",0.0369061996210781,3.0
184,120.4,-8.047510945911736e-06,-0.02355734350499485,"('HO5', 'CO5')",-0.004836554078492953,5.0
185,66.88888888888889,-0.00011595094626748355,-0.12148019654850326,"('XB1', 'CO5')",-0.06968651870675761,9.0
186,120.4,0.0001286439375377696,0.16553376185872312,"('XB2', 'CO5')",0.07731500646019952,5.0
187,100.33333333333333,0.00046249211467717705,0.707306409281857,"('XB3', 'CO5')",0.2779577609209834,6.0
188,301.0,0.00015515248289972128,0.26209532809194525,"('XB4', 'CO5')",0.09324664222273249,2.0
189,301.0,9.432318484935609e-05,0.16693945279542718,"('XB5', 'CO5')",0.05668823409446301,2.0
190,0.0,0.00023872570661751815,0.29950519019614164,"('QS1', 'CO5')",0.1434741496771284,0.0
191,0.0,0.00022156383614222824,0.2880342917355548,"('QS2', 'CO5')",0.13315986552147918,0.0
192,0.0,0.0001904238901514208,0.2510249164029055,"('QS3', 'CO5')",0.11444475798100391,0.0
193,0.0,0.00016128935690859874,0.2150591951346122,"('QS4', 'CO5')",0.09693490350206783,0.0
194,301.0,0.000150968037549472,0.20278168506130093,"('QS5', 'CO5')",0.09073179056723267,2.0
195,0.0,0.0,,"('HO2', 'HO1')",0.0,0.0
196,602.0,2.8024217528088676e-05,0.2513535563019244,"('HO3', 'HO1')",0.016842554734381295,1.0
197,602.0,5.6848369785891396e-05,0.4100194367827662,"('HO4', 'HO1')",0.03416587024132073,1.0
198,602.0,8.69163570540667e-05,0.5268693921984571,"('HO5', 'HO1')",0.05223673058949409,1.0
199,150.5,0.00017562947845475114,0.18564110061794012,"('XB1', 'HO1')",0.10555331655130544,4.0
200,301.0,0.00037211387227812997,0.44530918821248777,"('XB2', 'HO1')",0.2236404372391561,2.0
201,602.0,0.000427224448738765,0.5836759769994279,"('XB3', 'HO1')",0.25676189369199776,1.0
202,0.0,0.00032040844947697484,0.4767813768674204,"('XB4', 'HO1')",0.19256547813566188,0.0
203,0.0,0.00028353225726507103,0.44150973158519957,"('HO1', 'XB5')",0.1704028866163077,0.0
204,120.4,-4.569851380118527e-05,-0.06615185355171976,"('QS1', 'HO1')",-0.027464806794512346,5.0
205,120.4,0.00012337597079944125,0.18245357349085525,"('QS2', 'HO1')",0.0741489584504642,5.0
206,100.33333333333333,7.25189127657826e-05,0.10875204407025077,"('QS3', 'HO1')",0.04358386657223535,6.0
207,86.0,0.00013611227481924053,0.20477675629684977,"('QS4', 'HO1')",0.08180347716636356,7.0
208,86.0,0.0001133773661202147,0.17001718329397703,"('QS5', 'HO1')",0.06813979703824903,7.0
209,602.0,-3.6625992846053154e-06,-0.09568680245804351,"('HO3', 'HO2')",-0.0022012221700477945,1.0
210,602.0,2.5600484912096766e-05,0.2811103025809836,"('HO4', 'HO2')",0.015385891432170156,1.0
211,602.0,5.974827793528693e-05,0.4908920044650117,"('HO5', 'HO2')",0.03590871503910745,1.0
212,200.66666666666666,9.426818504845766e-05,0.10034130598559385,"('HO2', 'XB1')",0.05665517921412305,3.0
213,301.0,0.00033285809733628075,0.4036325383689076,"('XB2', 'HO2')",0.20004771649910474,2.0
214,602.0,0.00040186626759260564,0.5475579435746911,"('XB3', 'HO2')",0.241521626823156,1.0
215,0.0,0.0002947784690972902,0.4506412533738267,"('HO2', 'XB4')",0.1771618599274714,0.0
216,301.0,0.00012745218032028934,0.20303923753334324,"('HO2', 'XB5')",0.07659876037249388,2.0
217,301.0,-2.4986879933596915e-05,-0.03630582106662769,"('QS1', 'HO2')",-0.015017114840091746,2.0
218,120.4,4.379292211509318e-06,0.006528481308863358,"('QS2', 'HO2')",0.0026319546191171,5.0
219,200.66666666666666,-4.334681242974492e-05,-0.0648662816986166,"('QS3', 'HO2')",-0.026051434270276695,3.0
220,120.4,0.00010042175540538296,0.1510379460194415,"('QS4', 'HO2')",0.06035347499863516,5.0
221,120.4,0.00011619026487112414,0.17692939260191048,"('QS5', 'HO2')",0.0698303491875456,5.0
222,602.0,-7.826498442775285e-06,-0.19655389202171275,"('HO4', 'HO3')",-0.004703725564107947,1.0
223,602.0,3.0195250917049994e-05,0.359410303221794,"('HO5', 'HO3')",0.018147345801147047,1.0
224,120.4,-3.4549731618043306e-05,-0.03660321071982591,"('HO3', 'XB1')",-0.020764388702444028,5.0
225,100.33333333333333,0.0003054871126973454,0.3725585796253938,"('HO3', 'XB2')",0.18359775473110457,6.0
226,602.0,0.00037735780579736187,0.5166260782339712,"('HO3', 'XB3')",0.22679204128421449,1.0
227,301.0,0.0001330629415074775,0.20410233348765852,"('HO3', 'XB4')",0.07997082784599399,2.0
228,301.0,0.0004337117323506806,0.6989325564812433,"('HO3', 'XB5')",0.26066075114275905,2.0
229,0.0,6.7100591784717e-05,0.09811830427954518,"('QS1', 'HO3')",0.04032745566261492,0.0
230,200.66666666666666,5.1902174861139564e-05,0.07816266105053704,"('QS2', 'HO3')",0.031193207091544876,3.0
231,200.66666666666666,-3.96603797268072e-05,-0.06012226042885096,"('QS3', 'HO3')",-0.023835888215811125,3.0
232,200.66666666666666,-4.652685074729636e-05,-0.07103635180858833,"('QS4', 'HO3')",-0.027962637299125112,3.0
233,200.66666666666666,-3.498855260799846e-05,-0.05367096116516025,"('QS5', 'HO3')",-0.021028120117407074,3.0
234,0.0,0.0,,"('HO5', 'HO4')",0.0,0.0
235,120.4,0.00016491791334340668,0.17363432644451562,"('HO4', 'XB1')",0.09911566591938742,5.0
236,100.33333333333333,0.0006035841743762898,0.7404163911031674,"('HO4', 'XB2')",0.36275408880015014,6.0
237,200.66666666666666,0.00019889321985858987,0.27882969117019196,"('HO4', 'XB3')",0.11953482513501251,3.0
238,301.0,0.0003793945292049388,0.5820333315940404,"('HO4', 'XB4')",0.2280161120521682,2.0
239,301.0,0.0004025372984291719,0.6508798651310739,"('HO4', 'XB5')",0.24192491635593233,2.0
240,0.0,9.507459723204885e-05,0.1395841884605852,"('QS1', 'HO4')",0.05713983293646136,0.0
241,602.0,0.00010305708442352371,0.15629248872570992,"('QS2', 'HO4')",0.061937307738537756,1.0
242,200.66666666666666,6.791269103805763e-06,0.010394674887612853,"('QS3', 'HO4')",0.004081552731387264,3.0
243,200.66666666666666,-3.817977773792597e-05,-0.05897900729357489,"('QS4', 'HO4')",-0.022946046420493506,3.0
244,200.66666666666666,-3.3387422754961806e-05,-0.051900947299188024,"('QS5', 'HO4')",-0.020065841075732047,3.0
245,86.0,0.00010192603352551476,0.10790980278237673,"('HO5', 'XB1')",0.06125754614883437,7.0
246,100.33333333333333,0.0006537576756208685,0.8119717757798565,"('HO5', 'XB2')",0.392908363048142,6.0
247,200.66666666666666,0.00019439716489858875,0.27860867423696384,"('HO5', 'XB3')",0.11683269610405184,3.0
248,301.0,0.0003187373814885187,0.4972423274585588,"('HO5', 'XB4')",0.19156116627459974,2.0
249,301.0,0.00035369993965207427,0.5716270214916434,"('HO5', 'XB5')",0.21257366373089664,2.0
250,0.0,0.00012704163700297895,0.18653924866173624,"('QS1', 'HO5')",0.07635202383879035,0.0
251,602.0,0.00013496941859678042,0.2050112614169035,"('QS2', 'HO5')",0.08111662057666504,1.0
252,602.0,0.00010461383719082985,0.16070637704058133,"('QS3', 'HO5')",0.06287291615168875,1.0
253,200.66666666666666,5.9634500327534745e-06,0.00926037870342225,"('QS4', 'HO5')",0.0035840334696848383,3.0
254,301.0,-3.372519171488198e-05,-0.053873407664877776,"('QS5', 'HO5')",-0.02026884022064407,2.0
255,120.4,-8.796167550061444e-05,-0.12895134582844284,"('XB2', 'XB1')",-0.052864966975869274,5.0
256,120.4,-1.6490791027363355e-05,-0.01929468572326877,"('XB3', 'XB1')",-0.009910965407445377,5.0
257,150.5,-0.00017081176488584465,-0.18157968721712797,"('XB1', 'XB4')",-0.10265787069639264,4.0
258,150.5,-0.0001952646329499483,-0.203488932505527,"('XB1', 'XB5')",-0.11735404440291893,4.0
259,150.5,0.00039377893400159775,0.31489433812389295,"('QS1', 'XB1')",0.23666113933496025,4.0
260,150.5,0.00037025278516237853,0.3039859652743136,"('QS2', 'XB1')",0.22252192388258948,4.0
261,301.0,0.0002780263405902589,0.22991548038327925,"('QS3', 'XB1')",0.1670938306947456,2.0
262,150.5,0.0004737315418707242,0.39350780926036605,"('QS4', 'XB1')",0.28471265666430523,4.0
263,200.66666666666666,0.00040798434045802003,0.3396345013943275,"('QS5', 'XB1')",0.24519858861527002,3.0
264,120.4,-0.00012495362393965002,-0.18168330268155855,"('XB3', 'XB2')",-0.07509712798772966,5.0
265,150.5,-0.00033445979732537766,-0.44418724679126653,"('XB2', 'XB4')",-0.20101033819255198,4.0
266,150.5,-0.00031760007974840403,-0.3966035097222633,"('XB2', 'XB5')",-0.1908776479287908,4.0
267,150.5,0.0006334801348951434,0.547966464670967,"('QS1', 'XB2')",0.3807215610719812,4.0
268,150.5,0.0006638900043276414,0.5914191657308371,"('QS2', 'XB2')",0.3989978926009125,4.0
269,100.33333333333333,0.0005692925652404922,0.5112377556490967,"('QS3', 'XB2')",0.3421448317095358,6.0
270,100.33333333333333,0.0006512367839818516,0.5879535938609509,"('QS4', 'XB2')",0.3913933071730928,6.0
271,100.33333333333333,0.0007171753608343025,0.6489494719969562,"('QS5', 'XB2')",0.4310223918614158,6.0
272,150.5,-0.00026719590678621645,-0.4195747572666851,"('XB3', 'XB4')",-0.16058473997851608,4.0
273,120.4,-0.00017579516627923953,-0.26236554780775334,"('XB3', 'XB5')",-0.10565289493382296,5.0
274,602.0,0.00046703068636387183,0.4553757223848902,"('QS1', 'XB3')",0.28068544250468697,1.0
275,301.0,0.0004670704111716693,0.46970592588866467,"('QS2', 'XB3')",0.28070931711417324,2.0
276,150.5,0.00034431063812325846,0.35029195953611775,"('QS3', 'XB3')",0.20693069351207832,4.0
277,150.5,0.00036224695909888727,0.37174094186162354,"('QS4', 'XB3')",0.21771042241843125,4.0
278,150.5,0.0003426957941021618,0.3533075053829343,"('QS5', 'XB3')",0.20596017225539925,4.0
279,150.5,-0.00016016467322492402,-0.27011959307183253,"('XB4', 'XB5')",-0.09625896860817934,4.0
280,301.0,0.00028377569064933416,0.29818635491850065,"('QS1', 'XB4')",0.17054919008024982,2.0
281,301.0,0.00023534744408385867,0.25502542779385995,"('QS2', 'XB4')",0.14144381389439906,2.0
282,150.5,0.00012924046906163537,0.14119044570130432,"('QS3', 'XB4')",0.07767352190604286,4.0
283,301.0,0.0004266321159829465,0.4695407844187758,"('QS4', 'XB4')",0.25640590170575084,2.0
284,301.0,0.00040068966195652944,0.44200338930342825,"('QS5', 'XB4')",0.2408144868358742,2.0
285,301.0,0.00022135787614445995,0.2328259520844814,"('QS1', 'XB5')",0.13303608356282043,2.0
286,301.0,0.0004545320704691909,0.49495500234690953,"('QS2', 'XB5')",0.27317377435198376,2.0
287,301.0,0.00042042923874894503,0.46368670277057583,"('QS3', 'XB5')",0.25267797248811596,2.0
288,301.0,0.0003443833434928937,0.38354827485721993,"('QS4', 'XB5')",0.2069743894392291,2.0
289,301.0,0.000325729743108153,0.36478258360640087,"('QS5', 'XB5')",0.19576357560799995,2.0
290,602.0,1.2889617440042438e-05,0.054108588612560224,"('QS2', 'QS1')",0.007746660081465505,1.0
291,602.0,2.516457889981209e-05,0.09179147426505446,"('QS3', 'QS1')",0.015123911918787068,1.0
292,602.0,5.496770066842817e-05,0.18722187013806502,"('QS4', 'QS1')",0.03303558810172533,1.0
293,602.0,7.390747527286434e-05,0.24550351372038556,"('QS5', 'QS1')",0.04441839263899147,1.0
294,602.0,-1.6522589612611904e-06,-0.023931154762203585,"('QS3', 'QS2')",-0.0009930076357179754,1.0
295,602.0,3.477872753487778e-05,0.309554895086499,"('QS4', 'QS2')",0.020902015248461546,1.0
296,602.0,5.5210556480036843e-05,0.4147753651242658,"('QS5', 'QS2')",0.033181544444502144,1.0
297,602.0,-6.906787917334652e-06,-0.12908146934492767,"('QS4', 'QS3')",-0.004150979538318126,1.0
298,602.0,1.925193899045496e-05,0.227301928071831,"('QS5', 'QS3')",0.011570415333263431,1.0
299,0.0,0.0,,"('QS5', 'QS4')",0.0,0.0
