,a,alpha,mu,sigma,spread,t_c
0,-0.017383741867695344,0.025598915252649464,0.0021009379965686967,0.013528131074198597,"('CL1', 'CL2')",0.00094
1,-0.01719003484407672,0.02457915673727454,0.005096318618272795,0.01303203794398685,"('CL1', 'CL3')",0.00094
2,-0.01719762163735901,0.020824988488350998,0.008457641601045899,0.012003538560749762,"('CL1', 'CL4')",0.00094
3,-0.01714736162434933,0.018782524238912607,0.01203105180739116,0.011349184531611017,"('CL1', 'CL5')",0.00094
4,-0.010217953783590085,0.06079275244304121,0.08758773279648885,0.017120887932170224,"('CO1', 'CL1')",0.000289
5,-0.01022578291231685,0.06273277609940413,0.08448325514893654,0.01741399665343943,"('CO2', 'CL1')",0.000289
6,-0.010321486778962535,0.06726888476900919,0.0814354511272539,0.018287427790481117,"('CO3', 'CL1')",0.000289
7,-0.010432550856297665,0.06812875384596767,0.07889195386870655,0.01870047253596469,"('CO4', 'CL1')",0.000289
8,-0.010540967850576191,0.06553276371438961,0.07654087624611575,0.018624347612484562,"('CO5', 'CL1')",0.000289
9,-0.017384781929312046,0.4844066115113651,1.1832093783234843,0.03494093507512754,"('HO1', 'CL1')",0.002482
10,-0.01739354584492812,0.49211341031525535,1.182874587209155,0.035245488822799015,"('HO2', 'CL1')",0.002482
11,-0.017412893964334042,0.5025475873155071,1.1818151894690971,0.035679001921679034,"('HO3', 'CL1')",0.002482
12,-0.017435342812536638,0.5146978111879057,1.1803025555035613,0.03618037062691162,"('HO4', 'CL1')",0.002482
13,-0.01745569875603618,0.5309462266346806,1.178655645861199,0.03681395903368599,"('HO5', 'CL1')",0.002482
14,-0.018191437384666817,0.46896016601528495,1.1414027881043798,0.03689739757322763,"('XB1', 'CL1')",0.002482
15,-0.01778928782631248,0.572033300417159,1.1331406432763194,0.039356405472139214,"('XB2', 'CL1')",0.002482
16,-0.01775390505918311,0.576226240359043,1.1257510301219071,0.03937800457630535,"('XB3', 'CL1')",0.002482
17,-0.017556924835305722,0.4828890508356078,1.1226155195314145,0.035426410844756645,"('XB4', 'CL1')",0.002482
18,-0.017732568477904012,0.40729566604171846,1.121320360943423,0.033044418588686564,"('XB5', 'CL1')",0.002482
19,-0.016881628284751257,0.6419438001144595,2.2788462439090322,0.03842095321120602,"('QS1', 'CL1')",0.002482
20,-0.016877214654288198,0.6488174459310058,2.2772353360341544,0.03861033014416092,"('QS2', 'CL1')",0.002482
21,-0.016876265419677915,0.6578568517167462,2.2747490321955612,0.03887494621043203,"('QS3', 'CL1')",0.002482
22,-0.01689464815041946,0.6648117714702843,2.271310173587341,0.03914641063461786,"('QS4', 'CL1')",0.002482
23,-0.01691207106656234,0.6680577715307499,2.268214393492691,0.03930508818331058,"('QS5', 'CL1')",0.002482
24,-0.01701906548091355,0.028275403901340722,0.002849344623730525,0.01376665867377545,"('CL2', 'CL3')",0.00094
25,-0.01703792805221865,0.02097188759132883,0.006065807855371186,0.011876099641317327,"('CL2', 'CL4')",0.00094
26,-0.01699040274370194,0.01813098715298049,0.009577088928729719,0.01099562027714448,"('CL2', 'CL5')",0.00094
27,-0.009968175007230521,0.0590023412247272,0.08912691966846553,0.016237557410401997,"('CO1', 'CL2')",0.000289
28,-0.009946816235116767,0.05861304759812609,0.08620098874186373,0.01613302115250603,"('CO2', 'CL2')",0.000289
29,-0.010070943064384974,0.06298944618205816,0.08309321330458752,0.01704495704754188,"('CO3', 'CL2')",0.000289
30,-0.010220814285464057,0.06459285473792345,0.08048201305769656,0.017638625825043924,"('CO4', 'CL2')",0.000289
31,-0.010355589550318057,0.06312430711889432,0.0780795375450053,0.01780053281739345,"('CO5', 'CL2')",0.000289
32,-0.017225014287602352,0.5114541208145477,1.1837444784183122,0.03538968470796275,"('HO1', 'CL2')",0.002482
33,-0.017235129247359586,0.5191585088497636,1.1834208671906594,0.0356879174771779,"('HO2', 'CL2')",0.002482
34,-0.017255609146847543,0.5297206927235392,1.182374590374035,0.03611598947985461,"('HO3', 'CL2')",0.002482
35,-0.017279242764560807,0.5420697589575247,1.180875788600063,0.036612651927139576,"('HO4', 'CL2')",0.002482
36,-0.017301027836703564,0.5584998534043503,1.179246769397245,0.03723650613696199,"('HO5', 'CL2')",0.002482
37,-0.01806598333727456,0.49169494498541283,1.1419983230329218,0.03737623469084122,"('XB1', 'CL2')",0.002482
38,-0.017636799287585117,0.6006289769844931,1.1337970763589502,0.039790573184076194,"('XB2', 'CL2')",0.002482
39,-0.017578581870497944,0.6108215956160566,1.126360653700319,0.03992045312571892,"('XB3', 'CL2')",0.002482
40,-0.017387342626476652,0.5122506036288369,1.1231672400999,0.0359393753740802,"('XB4', 'CL2')",0.002482
41,-0.017581471414361532,0.4317908135365282,1.121812941238012,0.033572700203979976,"('XB5', 'CL2')",0.002482
42,-0.016824026193604714,0.6492694559595131,2.279650429225029,0.038433803915214594,"('QS1', 'CL2')",0.002482
43,-0.01682200043770919,0.6556744657266127,2.278049670309996,0.03861564717775412,"('QS2', 'CL2')",0.002482
44,-0.01682459371820814,0.6636988610163538,2.275583060639267,0.038860581228344446,"('QS3', 'CL2')",0.002482
45,-0.016845048920530268,0.6701138047436637,2.2721548033903582,0.039122120059130155,"('QS4', 'CL2')",0.002482
46,-0.016862483235459892,0.6734114045153374,2.269058901621146,0.0392816853065972,"('QS5', 'CL2')",0.002482
47,-0.01705393986556223,0.016003863837772525,0.003240221302608083,0.010389335414804217,"('CL3', 'CL4')",0.00094
48,-0.016937357181484997,0.014862414734366433,0.006719725715450444,0.009907982161581027,"('CL3', 'CL5')",0.00094
49,-0.009722640653105637,0.049243653002624524,0.09267155847048247,0.01428842610007241,"('CO1', 'CL3')",0.000289
50,-0.009629532659505268,0.047106318837720665,0.09005350324876227,0.013773958845976078,"('CO2', 'CL3')",0.000289
51,-0.00976590194313456,0.05077655222436836,0.08683882947762267,0.014610235536944172,"('CO3', 'CL3')",0.000289
52,-0.009933355199726749,0.053441429338310475,0.08403596028595187,0.015381090862461137,"('CO4', 'CL3')",0.000289
53,-0.010105229364673476,0.0543108454572827,0.08141966634668056,0.015903384984584292,"('CO5', 'CL3')",0.000289
54,-0.01706757223436929,0.5337180538102756,1.185685281511761,0.03563729239870115,"('HO1', 'CL3')",0.002482
55,-0.017078433745519508,0.5415376289486556,1.1853683332184652,0.0359330772456982,"('HO2', 'CL3')",0.002482
56,-0.01709968476540016,0.5522674927592927,1.1843310644645524,0.03635782882381365,"('HO3', 'CL3')",0.002482
57,-0.017124482082753897,0.5647515233644255,1.1828430224599986,0.03684973104908751,"('HO4', 'CL3')",0.002482
58,-0.017148066442454403,0.5811493102153579,1.1812294706903956,0.03746126748944149,"('HO5', 'CL3')",0.002482
59,-0.017939032348349728,0.510603511042873,1.1439780736737775,0.03767203623900213,"('XB1', 'CL3')",0.002482
60,-0.01750844785981568,0.6173062999576691,1.1358892784624215,0.039882401609536405,"('XB2', 'CL3')",0.002482
61,-0.017437436276488767,0.6298641669098374,1.1284394232732549,0.040031479217138975,"('XB3', 'CL3')",0.002482
62,-0.017245432177882162,0.5298761303492993,1.12519966924636,0.03608804907658551,"('XB4', 'CL3')",0.002482
63,-0.01744312044767984,0.4492218640028642,1.1237666689103902,0.03382434617343577,"('XB5', 'CL3')",0.002482
64,-0.016770835208277955,0.6529723344927786,2.281829345986178,0.03835303204466038,"('QS1', 'CL3')",0.002482
65,-0.016770570739538502,0.6590638573743071,2.280234842890689,0.038530562715302634,"('QS2', 'CL3')",0.002482
66,-0.016776345380673983,0.6661776360311964,2.2777844290372777,0.038758792326643254,"('QS3', 'CL3')",0.002482
67,-0.01679911152729077,0.6719689474861431,2.274366882530983,0.03900946311560223,"('QS4', 'CL3')",0.002482
68,-0.016816763698975692,0.6752290213874097,2.2712717765301287,0.03916818873361802,"('QS5', 'CL3')",0.002482
69,-0.016841034545117275,0.014610378183422701,0.003414134306274781,0.00973875534636079,"('CL4', 'CL5')",0.00094
70,-0.00958002128424256,0.04140371982155399,0.09645225045568222,0.01281374833644183,"('CO1', 'CL4')",0.000289
71,-0.009430389899000522,0.03893499731709431,0.09410874450194456,0.012130319697125667,"('CO2', 'CL4')",0.000289
72,-0.00956342783639009,0.042301260778388416,0.09072426056234077,0.012915369675154735,"('CO3', 'CL4')",0.000289
73,-0.009736362726419038,0.045798321743005986,0.0876299476806514,0.013807282146374823,"('CO4', 'CL4')",0.000289
74,-0.009914501715079795,0.04851717766240033,0.08468672909407199,0.014606224380717545,"('CO5', 'CL4')",0.000289
75,-0.016950678079200553,0.5472710622750571,1.1877469360234216,0.03570175695153052,"('HO1', 'CL4')",0.002482
76,-0.01696016735206768,0.5556078255546207,1.1874280255561882,0.036004111153966775,"('HO2', 'CL4')",0.002482
77,-0.016979945766349237,0.566979940916064,1.1863893907463636,0.036436965206005936,"('HO3', 'CL4')",0.002482
78,-0.017003729768974667,0.5800534897955636,1.184901891097399,0.03693529811218708,"('HO4', 'CL4')",0.002482
79,-0.017027373838586934,0.5967664739699035,1.1832939867699805,0.037544997359222974,"('HO5', 'CL4')",0.002482
80,-0.0178356328328992,0.5249165252800928,1.1460242584424463,0.037853912204985,"('XB1', 'CL4')",0.002482
81,-0.01742398079610222,0.6231802314357383,1.138071230493912,0.03977059631438974,"('XB2', 'CL4')",0.002482
82,-0.01737822115423013,0.6271112292733032,1.1306963784504958,0.0397325160724895,"('XB3', 'CL4')",0.002482
83,-0.01718266403678214,0.5280713091420692,1.1274597149759071,0.03582210868788183,"('XB4', 'CL4')",0.002482
84,-0.017364383306050862,0.45251148207014197,1.1259557534767017,0.03370923416652015,"('XB5', 'CL4')",0.002482
85,-0.016732506981540742,0.6538579628028381,2.2840467353353935,0.03824206984667273,"('QS1', 'CL4')",0.002482
86,-0.016732950168086885,0.6597643912059808,2.2824554045565097,0.03841599622416299,"('QS2', 'CL4')",0.002482
87,-0.016740391172909833,0.666388709579526,2.280013079630804,0.03863520145061476,"('QS3', 'CL4')",0.002482
88,-0.01676422541357399,0.671899878864031,2.276599923571108,0.038880970593873194,"('QS4', 'CL4')",0.002482
89,-0.016782000402631107,0.6751342821940265,2.273505101662554,0.03903902601346576,"('QS5', 'CL4')",0.002482
90,-0.009433135877810642,0.03489102943673338,0.10083745547127247,0.011489281240586612,"('CO1', 'CL5')",0.000289
91,-0.009219819047304196,0.032540501539544554,0.09876371541392025,0.010719076502812537,"('CO2', 'CL5')",0.000289
92,-0.009335963422148662,0.03550069728813797,0.0952047211686942,0.01140956677037347,"('CO3', 'CL5')",0.000289
93,-0.00949996205218095,0.03925333158589051,0.09178160739216953,0.012319604459499561,"('CO4', 'CL5')",0.000289
94,-0.009680899053387811,0.04307970825400095,0.08844877131736913,0.013276303125770274,"('CO5', 'CL5')",0.000289
95,-0.016842833305365887,0.5554573880147323,1.1902539101047294,0.03561100583191136,"('HO1', 'CL5')",0.002482
96,-0.016850047726807673,0.5644848848074292,1.189929359651177,0.03592324381197991,"('HO2', 'CL5')",0.002482
97,-0.016866907639716735,0.5767730589528176,1.188884085184798,0.03636891353250834,"('HO3', 'CL5')",0.002482
98,-0.016888025464816943,0.5907644426542493,1.1873912307811272,0.03687939737871869,"('HO4', 'CL5')",0.002482
99,-0.01691030809482709,0.6080845938251819,1.1857830707885597,0.03749324753997498,"('HO5', 'CL5')",0.002482
100,-0.01773024972880688,0.537462318196234,1.1484734768025047,0.037951477847896285,"('XB1', 'CL5')",0.002482
101,-0.017347308207308385,0.6241778974199017,1.1406694461885374,0.03952953537937177,"('XB2', 'CL5')",0.002482
102,-0.01733799524744809,0.6162478337991167,1.1333981928619283,0.039244731931188284,"('XB3', 'CL5')",0.002482
103,-0.017143861380587343,0.5174168666443691,1.1302018874286668,0.03533398708466214,"('XB4', 'CL5')",0.002482
104,-0.017305468837369414,0.4481320462468326,1.1286432094343712,0.03336831756320297,"('XB5', 'CL5')",0.002482
105,-0.01669493719073973,0.6529147324952226,2.286669090271805,0.03808047884574304,"('QS1', 'CL5')",0.002482
106,-0.016696007887454345,0.658649824525367,2.2850802167468194,0.03825119231747782,"('QS2', 'CL5')",0.002482
107,-0.016704624223080895,0.6649230435264696,2.282643109754428,0.038463920027396244,"('QS3', 'CL5')",0.002482
108,-0.01672903250349192,0.6702854638927602,2.2792317547425847,0.03870692357334097,"('QS4', 'CL5')",0.002482
109,-0.01674673329782298,0.6735394756111628,2.2761362567314154,0.038864934056081685,"('QS5', 'CL5')",0.002482
110,-0.011480138483249192,0.14373584053697908,0.0031007278937294166,0.0313782965671208,"('CO1', 'CO2')",0.000289
111,-0.011592043044323654,0.0534592558602035,0.00566612074536736,0.0194106854608827,"('CO1', 'CO3')",0.000289
112,-0.01161879175834891,0.03377587026697755,0.00789587928672788,0.015481573745233502,"('CO1', 'CO4')",0.000289
113,-0.011591278235781105,0.02585748580173661,0.010231145996215722,0.013496501194710485,"('CO1', 'CO5')",0.000289
114,-0.017365225560816773,0.5390664937496157,1.0985686398564793,0.03679494152565732,"('HO1', 'CO1')",0.002482
115,-0.017384498624094916,0.5457407036301082,1.0982749538684717,0.037086139518252736,"('HO2', 'CO1')",0.002482
116,-0.01741289513568853,0.554737833131853,1.0972698965171859,0.03748590762622221,"('HO3', 'CO1')",0.002482
117,-0.017450475371844035,0.5641194613689453,1.0958288622428707,0.03792888421846379,"('HO4', 'CO1')",0.002482
118,-0.017493412073331306,0.575975841113157,1.0942771938975215,0.0384725692679796,"('HO5', 'CO1')",0.002482
119,-0.0184405685382889,0.45595736925589075,1.0576789475266357,0.03716079212698362,"('XB1', 'CO1')",0.002482
120,-0.018107503889506937,0.5365933172108835,1.0496713674152272,0.03918528173751281,"('XB2', 'CO1')",0.002482
121,-0.01798466618899477,0.5699565329776815,1.0419834106041344,0.03995921033900503,"('XB3', 'CO1')",0.002482
122,-0.01774301906658914,0.4852236444765093,1.0386747668147869,0.03610048280905788,"('XB4', 'CO1')",0.002482
123,-0.01788504623752003,0.41350784779629607,1.0371997514514646,0.033742692600312714,"('XB5', 'CO1')",0.002482
124,-0.016878444273070912,0.6730506310777881,2.194558328958337,0.03932923940152922,"('QS1', 'CO1')",0.002482
125,-0.016883844506543982,0.6776946756820332,2.192995819521225,0.03948441565983915,"('QS2', 'CO1')",0.002482
126,-0.01688985415684868,0.6851785053888403,2.1905516750985115,0.03972390670808718,"('QS3', 'CO1')",0.002482
127,-0.016911015121232244,0.6919724865101282,2.187129241248394,0.03999851143785367,"('QS4', 'CO1')",0.002482
128,-0.01693005739942783,0.6951591217034226,2.184040476461303,0.04016103177144748,"('QS5', 'CO1')",0.002482
129,-0.011798541747532537,0.015673186493424838,0.0024241835852881737,0.010801876247860713,"('CO2', 'CO3')",0.000289
130,-0.011655597923001648,0.014563451458498657,0.004760319111766842,0.01022524575966917,"('CO2', 'CO4')",0.000289
131,-0.011531851948402857,0.013940010995884981,0.007322775398360271,0.009843407493931394,"('CO2', 'CO5')",0.000289
132,-0.017301114151219037,0.5349137488651489,1.1017909409957827,0.03644203788902246,"('HO1', 'CO2')",0.002482
133,-0.017315523315641342,0.5424574862173783,1.1014860986773067,0.03674580253784119,"('HO2', 'CO2')",0.002482
134,-0.017340604267593294,0.5530020655909272,1.1004625449349443,0.03718510363567102,"('HO3', 'CO2')",0.002482
135,-0.017373891292260156,0.564305898802185,1.0990002007659994,0.03767578005733929,"('HO4', 'CO2')",0.002482
136,-0.01741165685043926,0.5779942209382322,1.0974299850723161,0.03825936171918402,"('HO5', 'CO2')",0.002482
137,-0.018333747095142083,0.46405868130617517,1.0607199201042983,0.037152032716787575,"('XB1', 'CO2')",0.002482
138,-0.018014821589295536,0.5432074970283245,1.0527729418542062,0.039112198888507234,"('XB2', 'CO2')",0.002482
139,-0.01792664529621941,0.5633709875386975,1.045219726369359,0.039528203353673214,"('XB3', 'CO2')",0.002482
140,-0.01770294276395025,0.47223290777102284,1.0420170988911213,0.03548864672990696,"('XB4', 'CO2')",0.002482
141,-0.017851351526242593,0.40203596510642026,1.0405754800520988,0.03317372582812668,"('XB5', 'CO2')",0.002482
142,-0.016848731317160113,0.670440480529002,2.197776126975109,0.03914501822332775,"('QS1', 'CO2')",0.002482
143,-0.016853383914273247,0.6753394045642245,2.196209299282012,0.039304723525570455,"('QS2', 'CO2')",0.002482
144,-0.016857628535724777,0.6833186847928162,2.19375706469098,0.0395517938253224,"('QS3', 'CO2')",0.002482
145,-0.016877578615953136,0.6904748510962327,2.1903288967144197,0.039831881101485805,"('QS4', 'CO2')",0.002482
146,-0.01689593439056092,0.6938576682070413,2.187237165941277,0.03999718582365409,"('QS5', 'CO2')",0.002482
147,-0.011501351752788262,0.014558600580091766,0.002369164869379928,0.010015043651226505,"('CO3', 'CO4')",0.000289
148,-0.01140213465828943,0.013861455243275355,0.004952200015576752,0.009644561678349093,"('CO3', 'CO5')",0.000289
149,-0.017229273265933733,0.5347094419636633,1.1046387338620987,0.036199271976886986,"('HO1', 'CO3')",0.002482
150,-0.01724048762185768,0.5431832338937085,1.1043230304367702,0.03652204413305189,"('HO2', 'CO3')",0.002482
151,-0.017261117996820414,0.5550304224569863,1.103285317715088,0.03698714164630942,"('HO3', 'CO3')",0.002482
152,-0.017289276749491496,0.5679013177764249,1.101807230074916,0.03750882108824541,"('HO4', 'CO3')",0.002482
153,-0.01732206010617524,0.5832066415131139,1.1002225681126176,0.03812342056165625,"('HO5', 'CO3')",0.002482
154,-0.018246587427429527,0.4750190797759109,1.0633993840216232,0.03731041177711347,"('XB1', 'CO3')",0.002482
155,-0.017932321470543938,0.550394452148661,1.0555439147828567,0.03908958426133095,"('XB2', 'CO3')",0.002482
156,-0.017879532777602018,0.5578982771465723,1.0481188055467006,0.039174795636890525,"('XB3', 'CO3')",0.002482
157,-0.01766701000868148,0.462738725500439,1.0449931133372279,0.03501899726010022,"('XB4', 'CO3')",0.002482
158,-0.01781015274089017,0.3947160003655683,1.0435576796161394,0.03275220166671792,"('XB5', 'CO3')",0.002482
159,-0.016815634267615755,0.6681639940644646,2.2006594957351777,0.038958650801688866,"('QS1', 'CO3')",0.002482
160,-0.01681941813420299,0.6733200372480498,2.1990882638071034,0.03912242747333465,"('QS2', 'CO3')",0.002482
161,-0.016822617806614742,0.6815777698737066,2.196631139590661,0.0393732971827927,"('QS3', 'CO3')",0.002482
162,-0.016842071203805778,0.6888829208365271,2.193200256868572,0.03965526682276162,"('QS4', 'CO3')",0.002482
163,-0.016860029079663514,0.6923768821325016,2.1901067101194784,0.03982193995600705,"('QS5', 'CO3')",0.002482
164,-0.011310428135062835,0.01395229621538452,0.002590221515999019,0.009557687910939373,"('CO4', 'CO5')",0.000289
165,-0.017149604095917335,0.5354383569078858,1.1071503171472217,0.035962852970913305,"('HO1', 'CO4')",0.002482
166,-0.01715759783238851,0.5447984357649845,1.1068245625639508,0.036302222379425,"('HO2', 'CO4')",0.002482
167,-0.017174093582617747,0.557844229865778,1.1057743508183404,0.03678943872674779,"('HO3', 'CO4')",0.002482
168,-0.017197728710469536,0.5720902922803137,1.1042831872800922,0.03733628912281758,"('HO4', 'CO4')",0.002482
169,-0.017226196105530386,0.588787623188864,1.1026869923979836,0.037975122461598156,"('HO5', 'CO4')",0.002482
170,-0.01815544142134019,0.4849858654422375,1.0657768364716924,0.037407002491845566,"('XB1', 'CO4')",0.002482
171,-0.017851571591359274,0.5548035466974472,1.0580197320570135,0.03897083812198893,"('XB2', 'CO4')",0.002482
172,-0.01783189171264783,0.5505255781387522,1.0507126366048345,0.03875363385669105,"('XB3', 'CO4')",0.002482
173,-0.017626543703321625,0.45317861158308226,1.0476517562644916,0.03453169758680168,"('XB4', 'CO4')",0.002482
174,-0.017762923206165144,0.38798842428689695,1.0462108743957728,0.032337786471896286,"('XB5', 'CO4')",0.002482
175,-0.016781045781307315,0.6657032750791856,2.2032194367820694,0.03876195282394969,"('QS1', 'CO4')",0.002482
176,-0.01678420474052898,0.6710420832725081,2.2016448077731074,0.038928520773850145,"('QS2', 'CO4')",0.002482
177,-0.016786811739980492,0.6794350515779877,2.199184717465423,0.039180717357363136,"('QS3', 'CO4')",0.002482
178,-0.016805987443119168,0.686819053538534,2.1957519096737026,0.03946337182581834,"('QS4', 'CO4')",0.002482
179,-0.016823640622842133,0.6903983418241152,2.1926567967467636,0.03963101596003222,"('QS5', 'CO4')",0.002482
180,-0.017068683438336046,0.536390502986854,1.1096342438685274,0.035730034820811184,"('HO1', 'CO5')",0.002482
181,-0.01707366752066703,0.5465646927558738,1.109299353990344,0.0360837480501278,"('HO2', 'CO5')",0.002482
182,-0.01708619788285081,0.5607259249251093,1.1082377112749722,0.03659009811157525,"('HO3', 'CO5')",0.002482
183,-0.017105591338050563,0.5762235704385638,1.1067349909728725,0.03715804500484498,"('HO4', 'CO5')",0.002482
184,-0.01713021091199861,0.594123999720579,1.105129330691308,0.03781559313087333,"('HO5', 'CO5')",0.002482
185,-0.018063604529349814,0.4944002856213142,1.0681432999252662,0.03747123147168382,"('XB1', 'CO5')",0.002482
186,-0.01777422280738613,0.5575480602476549,1.060487594526333,0.038803643285405455,"('XB2', 'CO5')",0.002482
187,-0.017786965972669117,0.5422660586671321,1.0532925156322341,0.038310925213052384,"('XB3', 'CO5')",0.002482
188,-0.017585528713405216,0.4438891302695778,1.0502884712156777,0.03405203543506505,"('XB4', 'CO5')",0.002482
189,-0.017714112915898382,0.38171304137204964,1.0488368610345793,0.03193793406147063,"('XB5', 'CO5')",0.002482
190,-0.016747318279200347,0.6631213202218054,2.205755323942941,0.03856529086959043,"('QS1', 'CO5')",0.002482
191,-0.016750082536287087,0.6685536818379478,2.2041785744312516,0.0387329212393423,"('QS2', 'CO5')",0.002482
192,-0.01675249250858312,0.6769626498253274,2.201717139946525,0.0389845108442918,"('QS3', 'CO5')",0.002482
193,-0.01677156020093798,0.6843675182353421,2.1982830642877476,0.03926687525528786,"('QS4', 'CO5')",0.002482
194,-0.016788937235284372,0.6880198635720814,2.1951864534525143,0.03943526823053312,"('QS5', 'CO5')",0.002482
195,-0.02383392615585949,0.11898953158332794,0.00017509022682336272,0.02824603306566628,"('HO1', 'HO2')",0.002482
196,-0.023856249110680818,0.052037829685518525,0.0009654779310166853,0.018706379716139445,"('HO1', 'HO3')",0.002482
197,-0.023867218625375507,0.035826468054427456,0.002186190562093506,0.015532454635342143,"('HO1', 'HO4')",0.002482
198,-0.023915381317913164,0.026946145625449676,0.0033475637335596735,0.01351252960461878,"('HO1', 'HO5')",0.002482
199,-0.023647973656097117,0.04704355900858614,0.045787343052236106,0.01754712329144069,"('HO1', 'XB1')",0.002482
200,-0.024161018870171108,0.02582286668709814,0.06273348161646077,0.013437970353406407,"('HO1', 'XB2')",0.002482
201,-0.024356258366228074,0.019308708917418874,0.07727722818441139,0.01176511814379727,"('HO1', 'XB3')",0.002482
202,-0.024651859514477893,0.014197822227299825,0.09145496449877076,0.010277905101314624,"('HO1', 'XB4')",0.002482
203,-0.024348440156016598,0.01591308332818709,0.09086960728752365,0.010675346098716884,"('HO1', 'XB5')",0.002482
204,-0.017001566430103535,0.6612209028598203,1.0973654939945172,0.03942707882061814,"('QS1', 'HO1')",0.002482
205,-0.017029313818044366,0.6666035325489849,1.0958308691361336,0.039688156495014955,"('QS2', 'HO1')",0.002482
206,-0.017103177751057963,0.6633923455949996,1.0935250142964204,0.03986088218629919,"('QS3', 'HO1')",0.002482
207,-0.017199365511331405,0.6598429424342743,1.0902303206352293,0.040103626388127596,"('QS4', 'HO1')",0.002482
208,-0.017262282458565797,0.6580087265350332,1.087202311608981,0.04027670321121594,"('QS5', 'HO1')",0.002482
209,-0.02383860587696392,0.03409434030196038,0.0008290581200758478,0.015124316401954184,"('HO2', 'HO3')",0.002482
210,-0.023839680797841666,0.028136560319090557,0.0020970050324238257,0.01374043046648701,"('HO2', 'HO4')",0.002482
211,-0.02389668847212329,0.022000020677111102,0.0032710041258717485,0.012194840559998584,"('HO2', 'HO5')",0.002482
212,-0.023653022961644937,0.0471704069514105,0.04567831756744577,0.01757655311894447,"('HO2', 'XB1')",0.002482
213,-0.024240394192967852,0.02534062448404088,0.0630221848731207,0.013379384082340828,"('HO2', 'XB2')",0.002482
214,-0.024454116689085346,0.0189651682223239,0.07776457508575413,0.01173226934130705,"('HO2', 'XB3')",0.002482
215,-0.02485583459684399,0.012878894704502571,0.094953327172897,0.009913945536161843,"('HO2', 'XB4')",0.002482
216,-0.024482282518208987,0.015111889791167685,0.09256171834682908,0.010491402899585186,"('HO2', 'XB5')",0.002482
217,-0.016961238624646168,0.6569274698901038,1.0976172251220235,0.039153399143304554,"('QS1', 'HO2')",0.002482
218,-0.016984688137313082,0.6634855234322402,1.0960725745729463,0.03943333093794594,"('QS2', 'HO2')",0.002482
219,-0.017050870348119966,0.662612362161071,1.0937477893043208,0.03964739760091691,"('QS3', 'HO2')",0.002482
220,-0.01714181887378899,0.6608199697598811,1.090438795036172,0.039923919789278464,"('QS4', 'HO2')",0.002482
221,-0.01720254344572177,0.6597633349333075,1.0874044005136507,0.040112773137207895,"('QS5', 'HO2')",0.002482
222,-0.02382852869076266,0.025758200568014658,0.001279198686162235,0.013137390558141143,"('HO3', 'HO4')",0.002482
223,-0.02392064328974493,0.01897560700645356,0.0024384628641710595,0.011343144826500628,"('HO3', 'HO5')",0.002482
224,-0.023670296207729268,0.05280809502256764,0.044366723642035526,0.018618225890391298,"('HO3', 'XB1')",0.002482
225,-0.024302977501791362,0.02760775338106702,0.06097659230319425,0.01402068392205998,"('HO3', 'XB2')",0.002482
226,-0.024565373104135757,0.018641139371363868,0.07739074359226768,0.011713267252872757,"('HO3', 'XB3')",0.002482
227,-0.024985007943179555,0.012411734935261123,0.09559558317587363,0.009810497641861522,"('HO3', 'XB4')",0.002482
228,-0.024610482629615005,0.014114093647823268,0.09400215917785892,0.010221062684526314,"('HO3', 'XB5')",0.002482
229,-0.016897825271563263,0.6529865279878921,1.0985520397945348,0.0388080895239625,"('QS1', 'HO3')",0.002482
230,-0.016919730465609115,0.659879064831885,1.097004064591272,0.03909138594043635,"('QS2', 'HO3')",0.002482
231,-0.01697843522850167,0.6611667968147603,1.0946615738153542,0.0393417372958556,"('QS3', 'HO3')",0.002482
232,-0.01706202452039244,0.6617367953439321,1.0913334088054671,0.039661668346515314,"('QS4', 'HO3')",0.002482
233,-0.01711817113471832,0.6621539312469102,1.0882870889208787,0.039878169833733525,"('QS5', 'HO3')",0.002482
234,-0.024030787709538624,0.0168541135581909,0.001148962448782567,0.010766271404378766,"('HO4', 'HO5')",0.002482
235,-0.023691253115497916,0.06152998015806964,0.0425057353406283,0.0201244619320341,"('HO4', 'XB1')",0.002482
236,-0.024375874175247243,0.03108301919739676,0.058133558592690274,0.014945836562013499,"('HO4', 'XB2')",0.002482
237,-0.02472894820360297,0.018028954325830085,0.0769197669085123,0.011637729766756089,"('HO4', 'XB3')",0.002482
238,-0.02509786692028206,0.012187679437247086,0.09506449713268979,0.009789259136210529,"('HO4', 'XB4')",0.002482
239,-0.02473283990247959,0.013187406686374423,0.0950924442741109,0.00995561085629408,"('HO4', 'XB5')",0.002482
240,-0.016827438065361383,0.6484867607636484,1.099926720784296,0.03842279975774385,"('QS1', 'HO4')",0.002482
241,-0.016849173440402303,0.6553211064675949,1.098378498250994,0.03870269939263759,"('QS2', 'HO4')",0.002482
242,-0.016902028451888398,0.6582544906058818,1.0960221442878897,0.038979455803530974,"('QS3', 'HO4')",0.002482
243,-0.016978368693335986,0.6610824118338773,1.0926754665813867,0.0393389856129006,"('QS4', 'HO4')",0.002482
244,-0.017029087780444083,0.6631864044254298,1.089615552789932,0.039585481154137334,"('QS5', 'HO4')",0.002482
245,-0.023714740115679953,0.0696492806887938,0.04075266156654541,0.021443867151152624,"('HO5', 'XB1')",0.002482
246,-0.02450358483336993,0.03456836011457704,0.05558978802245473,0.015888967444944644,"('HO5', 'XB2')",0.002482
247,-0.024955243799907163,0.01794422897025445,0.07586646528621682,0.011774431853754895,"('HO5', 'XB3')",0.002482
248,-0.025308958785852514,0.011937217377872053,0.09482703624240515,0.009813913638517345,"('HO5', 'XB4')",0.002482
249,-0.02487744068020317,0.012822684752595731,0.09503780134683905,0.009905538010742692,"('HO5', 'XB5')",0.002482
250,-0.016759085878119494,0.6407328075984039,1.101418565024128,0.03795030196775286,"('QS1', 'HO5')",0.002482
251,-0.01677790498113102,0.6482862625573262,1.0998629693911037,0.038240336242702046,"('QS2', 'HO5')",0.002482
252,-0.01682350427907862,0.653225149775694,1.0974890751757536,0.038548837098691106,"('QS3', 'HO5')",0.002482
253,-0.016892635229932444,0.6582305976142455,1.0941240091056847,0.03894491918409173,"('QS4', 'HO5')",0.002482
254,-0.01693775764471987,0.6619946474175813,1.0910505359043052,0.039219171048225275,"('QS5', 'HO5')",0.002482
255,-0.0242911461316414,0.0427480689685752,0.010780610065411854,0.01743355302014333,"('XB1', 'XB2')",0.002482
256,-0.024128256259847165,0.02952451404842842,0.021486105556606322,0.01433884963659838,"('XB1', 'XB3')",0.002482
257,-0.024090358797902157,0.02384853707813491,0.02876999792903726,0.01285586099425445,"('XB1', 'XB4')",0.002482
258,-0.024023461765468542,0.022793063900973284,0.03202425096504878,0.012514386025305335,"('XB1', 'XB5')",0.002482
259,-0.01736433691211591,0.48458731968523666,1.1414053309933385,0.03488335947112883,"('QS1', 'XB1')",0.002482
260,-0.017384836079141788,0.48776638648905457,1.1398662644992161,0.035062069699007194,"('QS2', 'XB1')",0.002482
261,-0.01742273137500776,0.49105933747675096,1.1374732422664358,0.03529991683833111,"('QS3', 'XB1')",0.002482
262,-0.017475339941056628,0.49677361681314364,1.1340503994220088,0.03567206335107243,"('QS4', 'XB1')",0.002482
263,-0.017497645184299537,0.5049274768986497,1.1308817971233953,0.036035241686217426,"('QS5', 'XB1')",0.002482
264,-0.02378724098479356,0.04100548778537384,0.008385761269373026,0.01653143995242606,"('XB2', 'XB3')",0.002482
265,-0.02379017208535719,0.024032621605929266,0.014631305603525746,0.01265822457377898,"('XB2', 'XB4')",0.002482
266,-0.023777277715798996,0.020624918978568663,0.01793355552733566,0.011716695594440309,"('XB2', 'XB5')",0.002482
267,-0.017131269361570146,0.49941086880610913,1.1481116482416853,0.034673945030943364,"('QS1', 'XB2')",0.002482
268,-0.017137793858961702,0.5071861363677767,1.146500836020051,0.0349635951039426,"('QS2', 'XB2')",0.002482
269,-0.01715403652019196,0.5169331804889665,1.1440133749234167,0.03535019230746955,"('QS3', 'XB2')",0.002482
270,-0.01719100948383182,0.5276609709754118,1.1405256332798581,0.035835335494403736,"('QS4', 'XB2')",0.002482
271,-0.01721053248257945,0.5373166673909711,1.1373461171139607,0.03622583851014835,"('QS5', 'XB2')",0.002482
272,-0.023791597067488554,0.043129135629306696,0.004894020914673065,0.016958900853143496,"('XB3', 'XB4')",0.002482
273,-0.023782846884887493,0.02495323846219754,0.008147399736108007,0.012892268777920195,"('XB3', 'XB5')",0.002482
274,-0.017105186928097618,0.48912416543404424,1.1556408782074588,0.03423346595731676,"('QS1', 'XB3')",0.002482
275,-0.01710614380834655,0.498759946090117,1.153993176362056,0.03457204094772726,"('QS2', 'XB3')",0.002482
276,-0.0171276906084208,0.5066024702006093,1.151528151621225,0.034911321087103354,"('QS3', 'XB3')",0.002482
277,-0.017175039339388902,0.5137269509639605,1.1480856508039086,0.035307761458819614,"('QS4', 'XB3')",0.002482
278,-0.01720678754882351,0.5192321574480637,1.1449578894361299,0.03559890004136747,"('QS5', 'XB3')",0.002482
279,-0.02378763865300458,0.03858435238623272,0.0026770656101480998,0.016036386401502963,"('XB4', 'XB5')",0.002482
280,-0.017547278998032743,0.4900353042910932,1.159877749497454,0.03565701551984718,"('QS1', 'XB4')",0.002482
281,-0.01754452623408599,0.501149585571286,1.1582053596006523,0.03605028927863888,"('QS2', 'XB4')",0.002482
282,-0.01757188046569559,0.5073968567303409,1.1557658701367686,0.036362519204431405,"('QS3', 'XB4')",0.002482
283,-0.017634326147155606,0.5091820025564245,1.1524053179894136,0.03662845723091334,"('QS4', 'XB4')",0.002482
284,-0.017679961149429328,0.5099372400692662,1.1493483733658085,0.036803597080941726,"('QS5', 'XB4')",0.002482
285,-0.017756744801819855,0.45223755488266615,1.1631462435496103,0.034893839223367494,"('QS1', 'XB5')",0.002482
286,-0.01775562921311016,0.4628717120044266,1.1614514306528387,0.03529825474676195,"('QS2', 'XB5')",0.002482
287,-0.017781470165023315,0.46889635193224083,1.158995848240658,0.035607845200327864,"('QS3', 'XB5')",0.002482
288,-0.017844435584554924,0.4695217793580236,1.1556484649174423,0.03582840178700402,"('QS4', 'XB5')",0.002482
289,-0.017894437314812914,0.46821399993998253,1.1526265485359697,0.035934802836720924,"('QS5', 'XB5')",0.002482
290,-0.02380790499605356,0.335804717014586,0.0014818033707621075,0.04737123981799942,"('QS1', 'QS2')",0.002482
291,-0.023769548810210168,0.1179035040506755,0.0038929414244949,0.02799977887115111,"('QS1', 'QS3')",0.002482
292,-0.02372853090929814,0.07548240650945867,0.007502513250325417,0.022343802772371062,"('QS1', 'QS4')",0.002482
293,-0.023660444129966936,0.06628534718981537,0.010670521936509044,0.020845766147416407,"('QS1', 'QS5')",0.002482
294,-0.02382137775364167,0.026738117446045196,0.0029210417944459683,0.013378757614832986,"('QS2', 'QS3')",0.002482
295,-0.02378321242548321,0.02676219107048407,0.006972445301668445,0.013351717873639202,"('QS2', 'QS4')",0.002482
296,-0.023523763261907322,0.028703602116655392,0.01009234423638599,0.013595506049654066,"('QS2', 'QS5')",0.002482
297,-0.02372882765710364,0.03518750074651077,0.003869938204418979,0.015255864707507259,"('QS3', 'QS4')",0.002482
298,-0.023422675115990683,0.03892618576525501,0.006980559011124026,0.015727589102957688,"('QS3', 'QS5')",0.002482
299,-0.023523918140016285,0.0631405176408709,0.003115854799267954,0.02016441650631028,"('QS4', 'QS5')",0.002482
